operationName,kind,count,files
BulkGetVendorProfiles,query,4,tenant-reply_hemlane.com.har
FinancialsScheduledActionPanelStats,query,2,transactions_hemlane.com.har; requests_hemlane.com.har
GetPlaidSyncItems,query,1,transactions_hemlane.com.har
HubspotFormSubmit,mutation,1,refer_hemlane.com.har
LogView,mutation,2,tenant-reply_hemlane.com.har
LogViewOnMount,mutation,1,work-order_hemlane.com.har
MCDashboardMaintenanceWorkOrderSchedulingContacts,query,2,work-order_hemlane.com.har
MaintenanceGetCurrentUser,query,2,work-order_hemlane.com.har
MyAppNotificationStats,query,6,maintenance_update_hemlane.com.har; refer_hemlane.com.har; tenant-reply_hemlane.com.har; work-order_hemlane.com.har; requests_hemlane.com.har
ODDashboardConsolidatedQuery,query,1,refer_hemlane.com.har
ODFinancialsSummaryOwnerFinancialsSummary,query,2,refer_hemlane.com.har
ODGetContextValues,query,7,maintenance_update_hemlane.com.har; refer_hemlane.com.har; tenant-reply_hemlane.com.har; work-order_hemlane.com.har; requests_hemlane.com.har
ODMaintenanceRequests,query,1,tenant-reply_hemlane.com.har
ODProspectiveTenantGroupMessageCreate,mutation,1,tenant-reply_hemlane.com.har
ODTenantsAndLeasesBucketCounts,query,2,tenant-reply_hemlane.com.har
ODTenantsAndLeasesGetTenantMessagesStatsLog,query,2,tenant-reply_hemlane.com.har
ODTenantsAndLeasesTenantGroups,query,2,tenant-reply_hemlane.com.har
ODTenantsIndexNewPermissions,query,2,tenant-reply_hemlane.com.har
OwnerDashboardMaintenanceMaintenanceRequest,query,4,maintenance_update_hemlane.com.har; work-order_hemlane.com.har
OwnerDashboardMaintenanceMaintenanceRequestCommentCreate,mutation,2,maintenance_update_hemlane.com.har; work-order_hemlane.com.har
OwnerDashboardMaintenanceMaintenanceRequestComments,query,4,maintenance_update_hemlane.com.har; work-order_hemlane.com.har
OwnerDashboardMaintenanceMaintenanceRequestPhotos,query,1,work-order_hemlane.com.har
OwnerDashboardMaintenanceMaintenanceRequestUsers,query,4,maintenance_update_hemlane.com.har; work-order_hemlane.com.har
OwnerDashboardMaintenanceMaintenanceRequestWorkOrders,query,4,maintenance_update_hemlane.com.har; work-order_hemlane.com.har
OwnerMaintenanceWorkOrder,query,2,work-order_hemlane.com.har
OwnerMaintenanceWorkOrderCommentCreate,mutation,1,work-order_hemlane.com.har
OwnerMaintenanceWorkOrderComments,query,3,work-order_hemlane.com.har
OwnerMaintenanceWorkOrderPhotos,query,1,work-order_hemlane.com.har
OwnerMaintenanceWorkOrderRequestPhotos,query,1,work-order_hemlane.com.har
OwnerTenancyMessages,query,3,tenant-reply_hemlane.com.har
OwnerVendorMaintenanceWorkOrderInvoices,query,2,work-order_hemlane.com.har
PagedFinancialTransactions,query,1,transactions_hemlane.com.har
TGTenantGroup,query,3,tenant-reply_hemlane.com.har
TasksCount,query,3,requests_hemlane.com.har
TransactionsNextCursorQuery,query,2,transactions_hemlane.com.har; requests_hemlane.com.har
